id,vendor
0,"ACME CORRUGATED BOX CO.,INC"
1,"EHRLICH, J.C."
2,"STATE METAL INDUSTRIES, INC."
3,SAMUEL STRAPPING SYSTEMS
4,QC LABORATORIES
5,AIM RECYCLING MONTREAL
6,STANTON A. MOSS INC
7,ATTAR METALS INC.
8,NORTHEAST METAL TRADERS
9,HOUSE OF METALS
10,"DENTON METALS, LLC"
11,FOLEY INCORPORATED
12,INSTRON SYSTEMS
13,ALEASTUR OF AMERICA
14,JOSEPH FREEDMAN CO.
15,SOUTH JERSEY WELDING SUPPLY
16,NALCO  COMPANY
17,UNIFIRST
18,"TANNER INDUSTRIES, INC."
19,MONDOR LUMBER INC.
20,QUENCH INC.
21,FOSHAN NANHAI GRAND CHAMPION
22,E & R INDUSTRIAL SALES
23,GARDEN STATE DUST CONTROL
24,STONKLEEN
25,EVOQUA WATER TECHNOLOGIES LLC
26,AMERIGAS PROPANE L.P.
27,SRI QUALITY SYSTEM REGISTRAR
28,JOHNSON CONTROLS SECURITY
29,HALE TRAILER
30,KJGRACE LLC
31,RUMSEY ELECTRIC COMPANY
32,MICROSOFT
33,GREANEY CONSULTING LLC
34,WM OF CAMDEN INC.
35,"MARKOWITZ METALS GROUP, LLC"
36,TRIPLE M METAL
37,UNITED SITE SERVICES
38,AJAX ICE INCORPORATED
39,EASTERN LIFT TRUCK
40,SECAT INC.
41,"CDI-INFRASTRUCTURE, LLC"
42,PENSKE TRUCK LEASING CO. L.P.
43,VERIZON WIRELESS
44,COMCAST
45,FELLON-MCCORD
46,MANCINE OPTICAL
47,XTEL COMMUNICATIONS
48,SAFETY-KLEEN CORP.
49,UNDERWOOD ENGINEERING TESTING
50,PEAK TOOLWORKS
51,"DIAMOND TECHNOLOGIES, LLC"
52,IES ENGINEERS
53,AIRLINE HYDRAULICS CORP.
54,THERMO ELECTRON NORTH AMERICA
55,"PYROMETER EQUIPMENT CO., INC."
56,"FUMO & ASSOCIATES, INC."
57,TUSTIN WATER SOLUTIONS
58,"SYSTEM ONE HOLDINGS, LLC"
59,COWLEYS PEST SERVICES INC.
60,"COVENTYA, INC"
61,AURAND MASONRY CONTRACTORS
62,ENDRESS+HAUSER
63,MAKHAN L GUPTA
64,UNITED RENTALS BRANCH 168
65,WAGSTAFF
66,MARDINLY INDUSTRIAL POWER
67,"ELECTROLIGHTS, LLC"
68,AMC FIRE PROTECTION
69,TUFF TEMP CORPORATION
70,SUPERIOR POWDER COATING
71,APPLIED INDUSTRIAL TECH
72,OMAV S.P.A.
73,"BELCO INDUSTRIES, INC."
74,KONECRANES INC
75,R.L. BEST COMPANY
76,"ADVANCED FLUID SYSTEMS, INC."
77,POLITEKNIK METAL San.Tic. A.S.
78,PHILLIPS CORP.
79,ROOT 24 HR'S
80,MAPLE LEAF LAWNCARE INC.
81,VAN-AIR & HYDRAULICS
82,ANCHOR PUMP
83,THUMB TOOL & ENGINEERING
84,WHARTON CONTRACTORS EQUIPMENT
85,PAUL MUELLER COMPANY
86,SOUTHEASTERN EXTRUSION TOOL
87,C & H MECHANICAL INC.
88,COMPRESSED AIR EQUIPMENT
89,SABIC POLYMERSHAPES
90,EXCO USA
91,MATI SALES
92,STONHARD  INC
93,AIRGAS SAFETY
94,YOUNGSTOWN TOOL & DIE CO. LLC
95,PRICEWALGREN
96,FISHER SCIENTIFIC
97,"IH ENGINEERS, P.C."
98,HENRY STEWART COMPANY
99,PREMIER GRANITE
100,NOBLE AMERICAS CORP.
101,WEAVER OIL
102,"DYNAMIC MACHINING, INC"
103,AMAZON.COM
104,PETRO EXTRUSION TECHNOLOGIES
105,PENDERGAST SAFETY EQUIPMENT
106,STAPLES ADVANTAGE
107,STAUFFER MANUFACTURING CO.
108,TRI-STATE INDUSTRIAL SUPPLY
109,GRAINGER
110,"JOHN BRIDGE SONS, INC."
111,ZORO TOOLS
112,MSC INDUSTRIAL SUPPLY COMPANY
113,BOOMERANG INC.
114,BANSHEE CAPITAL LLC
115,INDUSTRIAL SUPPLIES CO.
116,W.B. MASON
117,LEHIGH VALLEY SAFETY SUPPLY CO
118,COMPES INTERNATIONAL
119,GLOUCESTER CITY BOX WORKS LLC
120,FUCHS LUBRICANTS CO.
121,KEYSTONE FIRE PROTECTION CO.
122,"LUMBERMEN ASSOCIATES, INC."
123,"RUSS WHELAN, INC"
124,REIT LUBRICANTS
125,ADVANCED FLUID CONNECTORS
126,INDUSTRIAL CONTROLS
127,NOVA TOOL & DIE
128,RADWELL INTERNATIONAL
129,BILLOWS ELECTRIC SUPPLY CO.
130,BARTON SUPPLY INC.
131,"ABS INDUSTRIES, INC."
132,"COONEY BROTHERS, INC."
133,"LOUIS P. CANUSO, INC."
134,"FREELAND HOIST & CRANE, INC"
135,"PETROCHOICE HOLDINGS,INC"
136,ULINE SHIPPING SUPPLIES
137,CREDIT CARD PURCHASE ORDERS
138,M-LINE
139,FRANKLIN ELECTRIC COMPANY
140,"HUNTER DOUGLAS METALS,INC."
141,"JOSEPH GARTLAND, INC"
142,DEL VEL CHEM COMPANY
143,BOYLE TOOL & DIE CO. INC.
144,WHARTON HARDWARE & SUPPLY CORP
145,"PSP ASSOCIATES, LLC"
146,HAINESPORT TOOL
147,RG GROUP
148,"JOSEPH FAZZIO, INC."
149,"WILLIER ELEC. MOTOR CO., INC."
150,GUIDON CORPORATION
151,"EMED COMPANY, INC."
152,FASTENAL INDUSTRIAL SUPPLIES
153,"IFM EFECTOR, INC."
154,AMCOL CORPORATION
155,HYDRAULEX
156,"MURLIN CHEMICAL, INC."
157,UNITED ELECTRIC SUPPLY
158,PYROTEK INCORPORATED
159,CASTOOL TOOLING SYSTEMS
160,PERMATECH INC.
161,QADVANTAGE
162,"GRANCO-CLARK, INC."
163,DIE CLEANING EQUIPMENT
164,"ROSE METAL INDUSTRIES, LLC."
165,COMMERCIAL BUSINESS FORMS
166,MONROE TOOL & DIE INC.
167,DYNAMIC CONCEPT
168,AMERICAN PACKAGING
169,CONTICHIM NORTH AMERICA INC.
170,"THEODORE E. MOZER, INC."
171,LINK BURNS MANUFACTURING
172,HAAS DO NOT USE*****
173,KB ALLOYS
174,BURLINGHAM INTERNATIONAL
175,WILLRICH PRECISION INST.
176,INDUSTRIAL SEWN PRODUCTS INC.
177,CUSTOM MANUFACTURING CORP.
178,LABRADOR RECYCLING
179,FUSECO INC.
180,"COLORSOURCE, INC"
181,PRIME MATERIALS RECOVERY INC
182,CROWN STAPLE & SUPPLY CO.
183,HYDRO AIR HUGHES
184,AALL AMERICAN FASTENERS
185,GRAPHTEK LLC
186,MCMASTER CARR SUPPLY COMPANY
187,3D BOLT
188,MORTON'S PAINT CENTER
189,SIMS MM NEWARK
190,SIMS MM CHESAPEAKE
191,ALPHASOURCE INC.
192,SIMS MM ASIA LTD
193,WEST CHESTER RECYCLING
194,AIM ONTARIO
195,METALS USA
196,METRIC & MULTISTANDARDS
197,KGM PRECISION CORPORATION
198,MOTION INDUSTRIES INC.
199,RJM SALES
200,"WEBSTER INSTRUMENT, INC."
201,AIRLINE CONTAINER MFG. CO. INC
202,"MCNEIL SALES & SERVICE CO.,INC"
203,"H.J. CANNON GROUP, INC."
204,AMERICAN BOX & RECYCLING
205,PENN-AIR & HYDRAULICS
206,BROWN-CAMPBELL COMPANY
207,UNIVAR SOLUTIONS USA
208,SOUTH JERSEY WINDOW TINTING
209,"QUALITY CONCEPTS, INC."
210,TENNANT
211,MSC DIRECT.COM
212,PSK STEEL CORP.
213,"KONSTANCE PNEUMATICS, INC."
214,DETEK
215,PROCESS TECHNOLOGY INC
216,ROBERT E. LAMB INC.
217,DGI SUPPLY
218,MEARS TOOL & DIE INC.
219,"ALBECOUR, INC"
220,WILLIAMSON
221,CURBELL PLASTICS
222,PENNEX ALUMINUM
223,CLENDENIN BROS. INC.
224,"PENN STAINLESS PRODUCTS, INC."
225,DS INDUSTRIES
226,GILL POWDER COATING INC.
227,TRINITY METALS
228,PATRICK J.KELLY DRUMS INC.
229,"BYK - GARDNER, INC."
230,TIP TEMPERATURE PRODUCTS
231,AIM RECYCLING
232,PREMIER MARKINGS
233,DANIELI-BREDA EXTRUSION AND
234,"EELMAN MACHINERY, INC."
235,ALL CHEMICAL TRANSPORT CORP
236,"KRAEMER INDUSTRIAL SVCS, LLC"
237,BDS TECHNOLOGIES INC.
238,OMEGA ENGINEERING
239,ACCENT CONTROL SYSTEMS
240,ALLIED ELECTRONICS
241,TRI-STATE INDUSTRIAL SUPPLIES
242,SHINGLE AND GIBB
243,UNITED PACKAGING SUPPLY CO.
244,"ECLIPSE, INC"
245,FIRST CLASS LUXURY LIMOS
246,"ROWE SALES & SERVICE, INC"
247,"OIL SKIMMERS, INC."
248,"ALTEK, LLC"
249,ARCONIC
250,"ADVANCE SCALE CO., INC."
251,PPC LUBRICANTS INC.
252,P & L HEAT TREATING & GRINDING
253,KANO LABORATORIES INC.
254,THERMO FISHER SCIENTIFIC
255,"OMEGA ENGINEERING, INC."
256,GRAYBAR ELECTRIC COMPANY INC.
257,"WAHL REFRACTORIES, INC."
258,"TRIPLE-T CUTTING TOOLS, INC."
259,VULKAN BLAST SHOT TECHNOLOGY
260,OILGEAR COMPANY
261,"DDM STEEL CONSTRUCTION, LLC"
262,"TRU METROLOGY, LLC"
263,SEW-EURODRIVE
264,GLOBAL INDUSTRIAL
265,AIM RECYCLING LAVAL
266,"FISLER & CASSEDY, INC."
267,SHI INTERNATIONAL CORP
268,ROYAL ELECTRIC SUPPLY COMPANY
269,AA ELECTRIC
270,FIVES NORTH AMERICAN
271,NATIONAL FILTER MEDIA CORP.
272,REX MATERIALS GROUP
273,RYERSON
274,DEFELSKO CORPORATION
275,AXIS INDUSTRIAL AUTOMATION
276,AIM QUEBEC
277,CHONGQING THERMALTECH
278,COLE-PARMER COMPANY
279,ELECTRIC MOTOR REPAIR COMPANY
280,THE PINNACLE GROUP
281,SPECTRO ANALYTICAL INSTRUMENTS
282,"MICRONICS FILTRATION, LLC"
283,JFK VENTURES
284,ARNOLD'S SAFE & LOCK CO. INC.
285,LINETEC
286,"NATHAN H KELMAN, INC"
287,GENERAL PARTITION CO. INC.
288,"DIGIALOGUE SERVICE CENTER, LLC"
289,DWYER INSTRUMENT INC.
290,SHENYANG DINGSHENG INDUSTRIAL
291,GLACERN MACHINE TOOLS
292,MOLTEN METAL EQUIPMENT INC.
293,"FORD SERVICES, INC."
294,IWM3
295,GE INSPECTION TECHNOLOGIES
296,VIKING METALLURGICAL LLC
297,"YARD TRUCK SPECIALIST, INC."
298,"SIGNATURE SAFETY, LLC"
299,ACTION MACHINERY
300,AMERICAN AIR FILTER
301,"METLSAW SYSTEMS, INC."
302,CAN - ENG FURNACES LTD.
303,LIAONING DURABLE TECHNOLOGY
304,MOLDED COMPONENTS INC
305,VALLEN
306,"ELUMATEC USA, INC."
307,"A & A MACHINERY MOVING, INC."
308,PROCESSFLO INC.
309,UNITTOOL PUNCH & DIE CO. INC.
310,SILVERBACK DISTRIBUTION LLC
311,TRESCAL
312,OPTIMUM SAFETY MANAGEMENT
313,NEW YORK BLOWER COMPANY
314,OLYMPIC MECHANICAL LLC
315,SUNBELT RENTALS
316,NATIONAL BASIC SENSOR
317,"TRAVERS TOOL CO., INC."
318,SMC CONTRACTOR
319,EQUIPMENT DEPOT
320,CAMDEN GLASS
321,"TRENTON SHEET METAL, INC."
322,UNITED SUPPLY COMPANY
323,SIMS MM NORTH HAVEN
324,HARBISONWALKER INTERNATIONAL
325,GUYSON CORPORATION OF USA
326,AUTOMATION RESOURCES
327,PCS ENGINEERING
328,ACCU-THERM INC.
329,TUSTIN MECHANICAL SERVICES
330,TRIANGLE HEALTH & SAFETY
331,OFFICE LIQUIDATORS INC
332,AIM RECYCLING HAMILTON
333,MATTHEWS INTERNATIONAL CORP.
334,"CUNNINGHAM MECHANICAL DESIGN,"
335,ENVIRONMENTAL RECOVERY CORP.
336,IDENTICARD SYSTEMS INC.
337,TELE RADIO
338,NEW HUDSON FACADES
339,READING CRANE & ENGINEERING
340,CARR LANE MANUFACTURING CO.
341,VIKING TOOL & GAGE INC.
342,ASTM.ORG
343,JAY'S TIRE SERVICE
344,CAMA SOFTWARE
345,NEXEO SOLUTIONS
346,MARX GMBH & CO. KG
347,CHALMERS & KUBECK INC.
348,JOYCE/DAYTON CORP
349,J.A. CUNNINGHAM EQUIPMENT INC.
350,EREPLACEMENTPARTS.COM
351,ECHO ULTRASONICS LLC
352,BOGGS TOOL COMPANY
353,VONNIEDA ENVIRONMENTAL
354,RICHARD W. OBETZ
355,SUPER/CIRCUITS
356,"B & H MACHINE, INC."
357,KING STEEL INC.
358,AMERICAN RED CROSS
359,RANKIN AUTOMATION
360,"GEORGE P. BAILEY & SONS, INC."
361,SPECIALTY RENTALS
362,REVCOMM TELEPHONE SYSTEMS
363,"ROBERT J. FITZMYER CO., INC."
364,PIRTEK-SOUTH PHILADELPHIA
365,"A. BROOKS ROOFING, INC."
366,BUTECH BLISS
367,ENVIROMED CORPORATION
368,NORTHERN SAFETY
369,TPC WIRE & CABLE
370,ERCO INTERIOR SYSTEMS
371,QUINT COMPANY
372,LIGHT METAL AGE
373,MOBILE DREDGING & PUMPING CO.
374,CARLESA NDE SERVICES
375,VIBRATION SPECIALTY CORP.
376,HEINEMANN SAW COMPANY
377,ARIGATO METALS LLC
378,"BORTEK INDUSTRIES, INC"
379,BIO-CLEAN
380,AAERO SWISS
381,STOKES MATERIAL HANDLING SYS.
382,VERIMATION TECHNOLOGY INC.
383,"LIEB INSPECTION & TESTING,INC."
384,"MED-TEX SERVICES, INC."
385,CUT-MARK
386,BKS IND.  USE 020030
387,OEM CONTROLS INC.
388,PETTY CASH
389,EMSL ANALYTICAL INC.
390,"TEKSOLV, INC."
391,HERZOG AUTOMATION CORPORATION
392,"ALLIED MINERAL PRODUCTS, INC."
393,THERMIKA SYSTEMS INC.
394,SCIENTIFIC MARKETING SVCS
395,HALIFAX FAN Ltd
396,MASTER LOCATORS
397,"SIGNATURE ALUMINUM,CANADA INC."
398,BKS INDUSTRIES LLC
399,AIROYAL COMPANY
400,LAWSON PRODUCTS
401,GLOBAL EQUIPMENT COMPANY
402,SPRAYING SYSTEMS CO.
403,TOTAL SUPPORT & TOOLING
404,BLOOM ENGINEERING CO. INC.
405,"CHICAGO FASTENER, INC."
406,"SPEEDY METALS,LLC"
407,BUSHWICK-KOONS
408,"CARL R. PURSELL, INC."
409,"SMS TECHNICAL SERVICES, LLC"
410,KEYENCE CORPORATION OF AMERICA
411,ALYAN PUMP COMPANY
412,"CAVAION BAUMANN USA, LLC"
413,ALPHA GRAPHICS
414,"ALBERTUS ENERGY, INC."
415,CMI
416,"EMAINT ENTERPRISES, LLC"
417,"D.P. BROWN OF PA., CORP."
418,METAL EXCHANGE CORPORATION
419,INNOVATIVE IDM
420,NFPA
421,PENN TOOL CO.
422,PQ SYSTEMS
423,ENGRAVING MACHINES PLUS CORP.
424,"WILTECH, INC"
425,MCNEIL CONSTRUCTION CO.
426,PERFECTION SERVO HYDRAULICS
427,H. SCHWARTZ & SONS
428,COMBINED METAL INDUST
429,D COOPER WORKS LLC
430,HOME DEPOT
431,SIMS MM RICHMOND
432,CAPP INC
433,"BARTLETT BEARING COMPANY, INC"
434,HERMANCE MACHINE COMPANY
435,DUBELL LUMBER CO.
436,DONALDSON COMPANY INC.
437,NEWARK INONE
438,SYSTECH DESIGN INC.
439,"CERAMSOURCE, INC"
440,UNIST INC.
441,PIERCE ALUMINUM CO
442,"PRODEX, INC."
443,"DAY-TIMERS, INC."
444,WASTE STREAM MANAGEMENT INC.
445,SHUPPER-BRICKLE EQUIP. CO.
446,"FORMTEK, INC."
447,KERR PUMP AND SUPPLY
448,"RUBBER SUPPLY CO., INC."
449,TAYLOR CORPORATION
450,ALENCO FENCE & LUMBER
451,USA BLUEBOOK
452,BEARINGS USE 020209 NOT THIS
453,NEW PIG CORPORATION
454,"AIR ENGINEERING, LLC"
455,BRIGGS HYDRAULIC
456,"NEWELL RECYCLING SOUTHEAST,LLC"
457,SIMS MM SAN JOSE
458,SELEE CORPORATION
459,"AIR-OIL SYSTEMS, INC."
460,LIAOYANG YIXING HYDRAULIC
461,GARBER METROLOGY
462,BURLINGTON ELECTRICAL TESTING
463,A.C. SCHULTES
464,SIMS MM CHICAGO
465,DELVAL EQUIPMENT CORP.
466,"LIBERTY TOOL CO., INC."
467,TRAXYS NORTH AMERICA LLC
468,ESSEX SERVICE CORPORATION
469,BRISTOL ALUMINUM CO.
470,SIMS MM HOUSTON
471,PRAB CONVEYORS
472,CONDUCTIX-WAMPFLER
473,GENERAL CHEMICAL & SUPPLY
474,"E.T. SABA ASSOCIATES, INC."
475,"QUAL TECH LABS, INC."
476,HR DIRECT
477,ACCESS TRAINING SERVICES
478,"R.L. HOLLIDAY COMPANY, INC."
479,"COMPLETE CONTROL SERVICES, INC"
480,COMPASS METAL TRADING
481,KONECRANES AMERICAS
482,GEXPRO.COM
483,"COMPRESSED AIR SERVICES, INC"
484,"BLUE CHIP TECHNOLOGY, INC"
485,D.R. SPERRY & CO.
486,TRI-MER CORP.
487,THOMAS WILLCOX CO. INC.
488,SPECIALTY SAW INC.
489,PHASE 2 PLUS
490,SPRINGER PUMPS LLC
491,"A & B WIPER SUPPLY, INC"
492,LANCASTER FOUNDRY SUPPLY CO
493,BARBER-COLEMAN CO.
494,INSTRUCON INC.
495,ACROTECH INC.
496,EDSON CORPORATION
497,HERITAGE MAINTENANCE PRODUCTS
498,DON'S WESTFIELD AUTO SUPPLY
499,"OMNI FINISHING SYSTEMS, INC."
500,Y-PERS
501,TIPCO PUNCH INC.
502,INTERNATIONAL CHEMICAL CO.
503,BRENNTAG NORTHEAST INC.
504,BROADWAY GLASS & MIRROR CO.
505,KAMAN INDUSTRIAL TECHNOLOGIES
506,KOGER
507,MARTINEZ AUTO PARTS
508,LOFTWARE
509,"SUZHOU CRS TRADING CO.,LTD"
510,OILGEAR CO.
511,DEVINE CONSULTING
512,"A K PACKAGING, INC."
513,DYNAPOWER COMPANY LLC
514,FEDERAL RENT-A-FENCE
515,SOUTHEAST ID
516,HACH COMPANY
517,BIOPHARM INC.
518,EXCEL HYDRAULICS LLC.
519,UNIPUNCH PRODUCTS
520,"MSDSonline, Inc."
521,YOKOGAWA
522,EAST COAST STEEL INC.
523,BARTUK HOSE & HYDRAULICS
524,CHINA ZHONGWANG
525,TRANSCON INC.
526,MACHINERY VALUES OF NJ INC.
527,"CYB ACCOUNTING SERVICES, LLC"
528,"GUANGZHOU RISEN MACHINERY CO.,"
529,TAB SHREDDING INC.
530,ICHIKAWA NORTH AMERICA CORP.
531,"FLOMAX PRODUCTS, INC."
532,STANDARD RESOURCES CORP
533,ALLMARK DOOR
534,AMERICAN PAINTING & DECORATING
535,CERAMATERIALS
536,VESUVIUS U.S.A.
537,MAIN MANUFACTURING PRODUCTS
538,"KT-GRANT, INC."
539,ALFA LAVAL INC
540,AMERICAN HAMMER
541,LVR INC.
542,PAC PUMP & SYSTEMS INC.
543,ATLAS COPCO COMPRESSORS LLC
544,48 BARRIERS
545,ALTUS REFRACTORIES LLC
546,"RESPONSE INDUSTRIAL, INC."
547,E LED LIGHTS
548,HYG FINANCIAL SERVICES INC
549,IKEY
550,SMS MEER SERVICE INC.
551,SCHUPAN & SONS INC.
552,HEINRICH COMPANY
553,ALMEX USA INC
554,AIM RECYCLING USA LLC
555,KISS ELECTRIC LLC
556,GLENCORE LTD
557,"SCRAM, INC"
558,AIM CLEVELAND LLC
559,HARBOR FREIGHT TOOLS
560,"EDWARD KURTH & SONS, INC."
561,"LEUZE ELECTRONIC, INC."
562,SYMTAX INDUSTRIES
563,LAWSON PRODUCTS INC.
564,SCEPTER INC. - SENECA FALLS
565,OLYMPIC WIRE & CABLE CORP.
566,"FRANK D. RIGGIO COMPANY, INC"
567,SETON NAME PLATE CO.
568,OMNITECH SALES COMPANY
569,COMBUSTION 911
570,BULLEX
571,NEWPORT CONSTRUCTION COMPANY
572,SIC MARKING USA
573,J.J. KELLER & ASSOCIATES INC.
574,M.I FIRST TILE AND REMODELING
575,VALLEY INDUSTRIAL RUBBER
576,CONSOLIDATED CERAMIC PRODUCTS
577,KARL ENVIRONMENTAL GROUP
578,NEW JERSEY PAINTING
579,GNA ALUTECH INC.
580,GEORGE DEGEN & CO. INC.
581,ALBARRIE CANADA LIMITED
582,BETE FOG NOZZLE INC.
583,BKG COMPANY INC.
584,DORMA
585,AMERICAN NATIONAL RUBBER
586,CREDIT CARD DEPARTMENT
587,R.D. BITZER CO. INC.
588,GEXPRO
589,ABB BOMEM INC.
590,ALRO STEEL CORPORATION
591,THE TRAINING CENTER
592,"HJM PRECISION, INC."
593,YANGZHOU WUXIN GAS SPRING
594,"HILTI, INC."
595,KABERT INDUSTRIES INC.
596,COATINGS INC.
597,VOLVO FINANCIAL SERVICES
598,"BRAMMER STANDARD COMPANY, INC"
599,NORTHEAST PLASTIC SUPPLY CO.
600,"FLUID POWER, INC."
601,"A & M INDUSTRIAL, INC."
602,ZYP COATING INC.
603,NEW CLEAN RITE LLC
604,OILGEAR TOWLER UK Ltd.
605,CDW
606,"UNITED PROCESS CONTROL, INC."
607,HAMILTON CASTER & MFG. CO.
608,4IMPRINT
609,HILLOCK ANODIZING INC.
610,GEORGE YOUNG MAMMOET
611,"EMH, INC."
612,TWIN SPECIALTIES CORP.
613,BRANDYWINE VALLEY CONCRETE
614,"L&L REDI-MIX, INC."
615,INTEGRATED POWER SERVICES
616,INDUSTRIAL HEARING HEALTH ASSO
617,VECTOR SECURITY
618,MORGAN CORPORATION
619,DANIELI CORPORATION
620,KELM ACUBAR
621,"AMERICAN PLATING POWER, LLC"
622,XYLEM WATER SOLUTIONS USA
623,EXAIR CORP.
624,MERCER RUBBER COMPANY
625,"HOFFMAN EQUIPMENT, INC."
626,PRECISION FINISHING
627,"APPLIED CONTROLS, INC."
628,INDUSTRIAL PLASTIC FAN
629,STEEL DOORS INCORPORATED
630,"SOLID SURFACE DESIGNS, INC."
631,M. DAVIS & SONS INC.
632,AIM RECYCLING OTTAWA
633,"CHAMPION CHISEL WORKS, INC"
634,"SECURITY DOOR SPECIALIST, INC."
635,"HOUGHTON INTERNATIONAL, INC"
636,POWER MODULES INC.
637,THOMAS SCIENTIFIC
638,"ALLIED METER SERVICE, INC."
639,"XIAMEN FREEDE INDUSTRY CO.,LTD"
640,PHOENIX HYDRAULIC SERVICES
641,EAST COAST STORAGE EQUIPMENT
642,MARSHALL INDUSTRIAL
643,TEAM INDUSTRIAL SERVICES
644,"NELSON STUD WELDING, INC."
645,"NOVOTECHNIK U.S., INC."
646,KEYSTONE MANUFACTURING INC.
647,CROWNFLEX/ABRASIVES-SOUTH
648,WALMART
649,MATERIAL HANDLING SUPPLY INC.
650,"NATIONAL PAVING COMPANY, INC."
651,"PERMA INDUSTRIES, INC."
652,CWP INDUSTRIEL INC.
653,U.S. PLASTIC CORP.
654,KELI INDUSTRY CO LIMITED
655,AUTO-DIESEL PISTON RING CO.
656,TOSHIBA
657,CARTER LUMBER
658,NANO PRO MT
659,OTP INDUSTRIAL SOLUTIONS
660,EXAMINETICS
661,WORLD WIDE METRIC
662,PALL CORPORATION
663,PUMPORTAL
664,LMB INDUSTRIAL SERVICES
665,WINCO FLUID POWER INC.
666,TITANIC CONTROLS INC.
667,GAUM INC.
668,AMERICAN EXPRESS
669,PERFECTUS ALUMINUIUM
670,STICKEL PACKAGING SUPPLY
671,GERHART SYSTEMS AND CONTROLS
672,"MAJESTIC OIL COMPANY, INC."
673,BOND PACKAGING INC.
674,CUSTOMER SUPPLIED BILLET
675,CLEANITSUPPLY.COM
676,DELAWARE VALLEY LIFT TRUCK INC
677,"TABER EXTRUSIONS, LLC"
